timestamp,rack_id,temp_C,humidity_%,power_kW,fan_speed_%,airflow_CFM,fault_type
2025-10-11 23:27:09.173475,3,24.654917416626564,44.900239691743764,2.6861636744812487,67.4478912670963,481.8533999656577,normal
2025-10-11 23:29:09.173475,3,24.456874539899136,45.044205499699714,3.1669265116375622,51.4579690374331,459.46814831424933,normal
2025-10-11 23:31:09.173475,3,25.576558223286863,45.99161004205514,3.0004857094070823,59.09913759455474,422.6995640914673,normal
2025-10-11 23:33:09.173475,3,24.782194914978597,48.99774347187943,3.6083219079444175,51.789462456207744,458.2954578157758,normal
2025-10-11 23:35:09.173475,3,24.77545654665542,44.186229510991254,2.839572998746703,62.46275707495651,472.07867093403814,normal
2025-10-11 23:37:09.173475,3,25.533558742393097,46.32220507146994,2.620569815044344,54.7136506915177,455.8994291141764,normal
2025-10-11 23:39:09.173475,3,24.932192686663598,45.49909637919615,2.6450831445796834,64.0069577773314,463.43889215628997,normal
2025-10-11 23:41:09.173475,3,24.837091438330383,47.72135207221541,3.0079660061398408,68.72326083101993,444.9447348980763,normal
2025-10-11 23:43:09.173475,3,24.315534063149688,46.56525965263304,2.992730149839092,59.43805021129046,462.91175424348387,normal
2025-10-11 23:45:09.173475,3,25.715079772081882,44.3217394581442,3.3500354979609623,56.6659971974105,474.04902495966144,normal
2025-10-11 23:47:09.173475,3,25.03592132442058,43.698680345263234,2.372909130344053,52.13641985927981,505.10435487439804,normal
2025-10-11 23:49:09.173475,3,24.31311990285985,41.21619219749275,2.8842946007848407,50.70318500542388,446.5948350640819,normal
2025-10-11 23:51:09.173475,3,23.215269709621285,46.478360989403136,3.152106081640607,57.546969544606235,459.7236958312388,normal
2025-10-11 23:53:09.173475,3,24.240416865792582,48.165109938625065,2.9227345286564086,54.11976368376946,448.8520926985193,normal
2025-10-11 23:55:09.173475,3,24.9752856546997,41.171879858825065,3.1978353723340835,51.04558206537519,478.54610728578433,normal
2025-10-11 23:57:09.173475,3,24.91137435131646,44.31684673556329,3.2601579185756817,64.45367148948974,433.9210317054504,normal
2025-10-11 23:59:09.173475,3,24.78480387861918,44.63229221368158,2.746298068651766,53.91960369403524,462.55212595123663,normal
2025-10-12 00:01:09.173475,3,25.3484743504864,41.58432414772091,3.0997404251276612,64.04797442161197,449.71802068186656,normal
2025-10-12 00:03:09.173475,3,24.46455491017541,46.239477569405736,2.426604932501249,53.02528568925352,467.3754500118154,normal
2025-10-12 00:05:09.173475,3,24.064422657396253,45.495574362104165,3.4803894995332763,51.54967253110966,451.8595849305882,normal
2025-10-12 00:07:09.173475,3,25.264922012094697,46.061951323928184,2.346536604080571,52.168007454332454,463.7117949259683,normal
2025-10-12 00:09:09.173475,3,25.295481868691123,45.094456184596325,2.6164740232928554,59.747496158424894,439.41066072985984,normal
2025-10-12 00:11:09.173475,3,25.44379639727636,49.68730810562525,3.261223993376521,52.721124688632855,460.6205218978842,normal
2025-10-12 00:13:09.173475,3,24.91500196905806,42.9069253070288,2.7513250697981384,57.44614197146095,468.9762619294324,normal
2025-10-12 00:15:09.173475,3,24.04647441090728,44.92733878391532,3.0440805895160064,51.09018554827439,448.48257098629955,normal
2025-10-12 00:17:09.173475,3,25.403888565204895,50.188620369548225,3.3412617039451904,53.416274126124215,439.5573685996001,normal
2025-10-12 00:19:09.173475,3,23.989290542638372,45.86443338151851,2.795585929479128,52.712532320146266,437.8398771412535,normal
2025-10-12 00:21:09.173475,3,25.027386356123994,47.412236869548565,3.1827525700320725,68.74962344798209,469.35652048050406,normal
2025-10-12 00:23:09.173475,3,25.474955631407894,44.05164364979207,2.7684684127821373,68.40080105091808,432.9522646785179,normal
2025-10-12 00:25:09.173475,3,24.660316005436055,42.97394097675432,2.4938328750192897,51.024485928086264,482.19041331551944,normal
2025-10-12 00:27:09.173475,3,24.48754155838922,42.75990515506025,3.2012733744830624,53.06825764778176,428.71559986365304,normal
2025-10-12 00:29:09.173475,3,23.73886648903178,45.76190567138683,2.866515710861349,64.14456656670846,462.0758104055579,normal
2025-10-12 00:31:09.173475,3,24.38825763576903,43.3529300587483,2.8445242083416393,61.571278645587086,440.0693652903606,normal
2025-10-12 00:33:09.173475,3,25.324571145816293,44.157044505388455,2.6606872877112346,66.86289730059491,476.50552180874075,normal
2025-10-12 00:35:09.173475,3,26.274767023353967,45.6104862530627,3.1762175099418037,53.335746703673486,477.0222817997343,normal
2025-10-12 00:37:09.173475,3,25.656328456934524,44.85002076174556,2.742729727756157,53.479547990436075,478.2837457666218,normal
2025-10-12 00:39:09.173475,3,24.145592319839185,47.24474843740632,2.862070615250857,52.40963644876936,471.9309423646051,normal
2025-10-12 00:41:09.173475,3,24.946148401920368,45.7783396204469,3.0002125883041564,51.94753458216008,460.8678165574362,normal
2025-10-12 00:43:09.173475,3,24.33613629012945,44.58874429271351,3.02484977115543,61.81732534790229,469.6536628553988,normal
2025-10-12 00:45:09.173475,3,24.480665595333818,47.047552603241634,2.8789686904135925,53.898855379403194,435.4365619806037,normal
2025-10-12 00:47:09.173475,3,25.988855611515202,46.939138051505815,3.098056620183131,67.35446305610185,454.80411687892445,normal
2025-10-12 00:49:09.173475,3,25.26673898627732,42.731439093707536,2.954479872473848,57.78869360155346,422.2140253957802,normal
2025-10-12 00:51:09.173475,3,24.988722149981157,44.52857751028667,2.7181610274042054,65.65847228515145,447.5331187190778,normal
2025-10-12 00:53:09.173475,3,23.71499598127037,43.892062902845105,3.392615003676685,58.86254690645829,472.3848983512819,normal
2025-10-12 00:55:09.173475,3,24.589239993299255,45.23164917445389,3.116881357227596,63.41454650885201,420.55925853946417,normal
2025-10-12 00:57:09.173475,3,24.156081167460844,45.28981593866181,3.0842889963495295,61.54373352446618,405.5915798212975,normal
2025-10-12 00:59:09.173475,3,25.099400957214232,49.784219270547986,2.3701931206742923,51.62947795425884,445.57915072925897,normal
2025-10-12 01:01:09.173475,3,23.752162298243025,45.62530198241465,3.5347362649671945,60.17411968432533,463.66446029577617,normal
2025-10-12 01:03:09.173475,3,24.36403273657488,44.09317178323229,2.4613070482109958,54.94925962466293,466.1607237880414,normal
2025-10-12 01:05:09.173475,3,26.19456870787137,44.37730422577461,3.368341030035404,51.461701820523004,443.3981961659712,normal
2025-10-12 01:07:09.173475,3,25.442763784572964,44.52463336607803,3.022982721135498,68.4154169927215,481.9664361528207,normal
2025-10-12 01:09:09.173475,3,25.17392380555883,46.33341212171722,2.9812152544161235,63.4721966399339,439.76472884115395,normal
2025-10-12 01:11:09.173475,3,24.503152575280616,41.80121047561138,3.6831259494159916,57.135409806985024,448.8418450024618,normal
2025-10-12 01:13:09.173475,3,24.629774382616695,45.982132086890715,3.2965963438099557,56.76735731850432,425.30976003155206,normal
2025-10-12 01:15:09.173475,3,25.53778124668112,49.7887238011649,3.6555284685108336,61.14503666636821,464.62001253570963,normal
2025-10-12 01:17:09.173475,3,24.764527297721177,43.3160124404768,3.0398363445231196,58.27331047166414,436.2656931399341,normal
2025-10-12 01:19:09.173475,3,25.020302394936788,44.95593027199146,3.336558451438276,63.684181503769736,466.56117629786615,normal
2025-10-12 01:21:09.173475,3,24.952785158234555,44.348539089499106,3.222163609762331,56.29175266828133,446.2664207537311,normal
2025-10-12 01:23:09.173475,3,24.970121279929163,44.152219915355296,2.9084433463557744,53.98313795194134,464.18705028910637,normal
2025-10-12 01:25:09.173475,3,23.483791417500424,45.285899220230775,3.06801350590217,60.10231111488012,470.9382358897628,normal
2025-10-12 01:27:09.173475,3,24.81983315648174,44.56066109529808,3.1828578135625802,64.42898314219144,449.58878885298986,normal
2025-10-12 01:29:09.173475,3,25.951835239635937,48.48475216940508,3.616346532098574,52.294839166763836,418.89252532317516,normal
2025-10-12 01:31:09.173475,3,24.64533580437436,49.64934661170564,2.994898177654851,51.27202872755595,451.68933572779895,normal
2025-10-12 01:33:09.173475,3,25.777518176685838,46.253909496512264,2.916884069916273,53.824842581522425,460.10042176547535,normal
2025-10-12 01:35:09.173475,3,25.9879283386585,44.30816134190566,3.2667461474363417,68.97580995383836,422.16083238096536,normal
2025-10-12 01:37:09.173475,3,25.303665949339077,45.11520445201048,2.7984397767348517,51.41100127419789,427.56497794288225,normal
2025-10-12 01:39:09.173475,3,25.375508569856034,45.15623547047203,3.1200707566580324,60.34263784021276,470.57537982846964,normal
2025-10-12 01:41:09.173475,3,24.737772225591748,45.49344277739721,2.701410991862847,59.649861210553254,454.0330581025851,normal
2025-10-12 01:43:09.173475,3,24.117202197039973,46.038717491275776,3.502009183845757,62.07585514572236,449.20211232496575,normal
2025-10-12 01:45:09.173475,3,24.062110019805907,44.34967453515675,2.71886488642838,50.51677944440022,438.2109520012256,normal
2025-10-12 01:47:09.173475,3,24.50770065497814,44.97145929410122,3.0448793872556363,67.090308718215,463.7832891414867,normal
2025-10-12 01:49:09.173475,3,24.839140464648644,46.04100376615395,3.127830939295019,65.9816429154391,451.95654349415844,normal
2025-10-12 01:51:09.173475,3,25.17398888389989,46.4578823891409,2.792294767729862,65.85079535242673,418.3555366650704,normal
2025-10-12 01:53:09.173475,3,25.06246726291306,45.38326392413478,3.359559788136356,68.0326245897272,436.8192145022271,normal
2025-10-12 01:55:09.173475,3,25.097152871489865,45.65115563357414,3.6827476282942913,53.769997055911226,447.5142844567513,normal
2025-10-12 01:57:09.173475,3,24.45002149314404,45.239318609037866,2.7487595951620403,60.05566883693361,432.9555071400535,normal
2025-10-12 01:59:09.173475,3,24.403795977557508,40.85071992490727,2.9724129652187203,65.22011965899111,446.31708368633593,normal
2025-10-12 02:01:09.173475,3,24.892394838329707,43.01591287844573,2.8338914540593585,61.53872246689679,450.3205056459032,normal
2025-10-12 02:03:09.173475,3,24.567800579947534,48.60286019853297,2.6095236051590005,61.24221765246459,441.7074619885627,normal
2025-10-12 02:05:09.173475,3,25.34398421050245,43.42504939022449,2.5816932999992304,61.37842811689433,412.93963034204864,normal
2025-10-12 02:07:09.173475,3,24.852892444981418,48.4623392635346,2.8093770359313788,53.821242786927165,442.62121121937076,normal
2025-10-12 02:09:09.173475,3,25.29483109596534,43.219491159902695,2.5432755917199783,67.0879902665136,449.17414625985435,normal
2025-10-12 02:11:09.173475,3,25.456170856894715,43.97967837269957,3.044836826898993,60.66960417489565,433.0713139708204,normal
2025-10-12 02:13:09.173475,3,24.34342840605312,45.21051940204667,3.4164602816562484,52.334958055375914,465.41500419237576,normal
2025-10-12 02:15:09.173475,3,24.30030399621004,45.79863520343826,3.108118018505424,54.95624885813814,452.1433983051919,normal
2025-10-12 02:17:09.173475,3,24.686114708218767,45.061495166175,2.301167504663227,64.50936336900325,460.08575706768545,normal
2025-10-12 02:19:09.173475,3,25.323422121826855,42.85334393555421,2.871345622318178,66.15662903653245,445.50293888410295,normal
2025-10-12 02:21:09.173475,3,25.869339856264006,43.529854032745284,3.5001038116071213,52.76795171936249,458.3167367257212,normal
2025-10-12 02:23:09.173475,3,25.821593981376203,47.405153010450455,3.053974310863925,51.70804968581748,456.1566474502777,normal
2025-10-12 02:25:09.173475,3,25.85598029043429,44.94649750885172,3.4368985415938753,67.89495141662601,466.7566107045896,normal
2025-10-12 02:27:09.173475,3,24.310539783427515,45.84777896488797,2.710265210140812,54.787396726840925,438.00355953360304,normal
2025-10-12 02:29:09.173475,3,23.932736660337408,43.36899459625956,2.8797378131235076,55.92353531117997,439.2285265340675,normal
2025-10-12 02:31:09.173475,3,26.589316357650457,43.441961156960026,3.081726418996083,56.640014042353585,417.459901582665,normal
2025-10-12 02:33:09.173475,3,24.743690234767133,44.27442734493165,2.7393670947019033,66.15404738088114,458.3493017964259,normal
2025-10-12 02:35:09.173475,3,25.821709462825428,50.17581794706137,2.640082420472936,67.28805974388796,423.2827519166277,normal
2025-10-12 02:37:09.173475,3,25.33997470780039,46.21965815532698,2.3761100153258883,51.45472523554393,463.9783937016158,normal
2025-10-12 02:39:09.173475,3,25.703500991825425,46.19915508249071,3.4856362918982606,63.23720624430011,437.1783746692329,normal
2025-10-12 02:41:09.173475,3,25.51522424331572,46.196660347615705,2.482524931217457,64.90795478283079,458.3165325891069,normal
2025-10-12 02:43:09.173475,3,24.845896040159666,44.66175462871437,3.02387206048265,63.22932410647304,420.076823736707,normal
2025-10-12 02:45:09.173475,3,25.164546071706905,45.56811314105974,3.077272491266758,58.30214353709865,465.17648832327217,normal
2025-10-12 02:47:09.173475,3,24.26131148572836,43.04251832738047,2.918276995018894,61.9212786220119,447.4193176974043,normal
2025-10-12 02:49:09.173475,3,24.646965801038405,44.63963833725426,3.411442434642277,54.47205096647342,474.6744855667239,normal
2025-10-12 02:51:09.173475,3,25.391157040398028,42.60321575009591,3.325259473213063,59.54219635387852,446.12589240390076,normal
2025-10-12 02:53:09.173475,3,23.825094664941705,41.36891674094933,3.1610927090831225,51.72915014240304,454.2060608044399,normal
2025-10-12 02:55:09.173475,3,25.484464359177238,44.00407630636432,2.846239766806035,65.85680090547055,455.12341211388554,normal
2025-10-12 02:57:09.173475,3,25.169405994137154,43.51048608952033,2.9008871809977066,67.40049851040331,433.9694481979092,normal
2025-10-12 02:59:09.173475,3,24.746117968086242,43.87732400711559,2.9011532099346042,69.7855989021277,428.9232900927131,normal
2025-10-12 03:01:09.173475,3,24.758765054535868,46.240297560830925,1.9253812177537468,56.31871644771274,483.4971934582813,normal
2025-10-12 03:03:09.173475,3,25.27554454631665,47.324519195011334,2.8381226337788603,57.96957524218429,462.2754171157982,normal
2025-10-12 03:05:09.173475,3,24.203265478411314,43.74302858737849,2.9122108139009386,60.53634332100827,467.89821112053653,normal
2025-10-12 03:07:09.173475,3,24.510500691376222,44.392747854203996,2.853334164286893,56.6740841515126,446.1951831117357,normal
2025-10-12 03:09:09.173475,3,25.42776757653793,44.77701842574977,3.4325415987047725,52.61762277107152,481.77880656888163,normal
2025-10-12 03:11:09.173475,3,26.21540387611919,40.50113509159847,3.182620676737325,53.94485332334034,458.632632592752,normal
2025-10-12 03:13:09.173475,3,25.07386630911584,46.37325638389232,2.954654314012971,51.78019469792018,438.8573885485554,normal
2025-10-12 03:15:09.173475,3,25.419222312880525,41.974942069402246,2.600788460600722,61.98022088427135,466.8459465402781,normal
2025-10-12 03:17:09.173475,3,25.21232268412506,45.91300467033559,2.9248318894143925,62.677789236648835,406.44064535610624,normal
2025-10-12 03:19:09.173475,3,24.830564943303415,44.205353494897274,3.160309469590915,60.06145200543218,412.14475644819896,normal
2025-10-12 03:21:09.173475,3,24.907893629689255,46.81762482269994,2.877608556569624,58.6935629663294,451.82187212511826,normal
2025-10-12 03:23:09.173475,3,24.456598370964695,46.75234786338615,2.787170652801457,56.43372737402619,439.46936625807916,normal
2025-10-12 03:25:09.173475,3,25.39425295111806,43.04047610451205,2.881136897315669,60.19970158626994,462.8919086483035,normal
2025-10-12 03:27:09.173475,3,24.89207568536056,46.311784275575164,3.289172080222759,66.13415615490123,468.51950201429236,normal
2025-10-12 03:29:09.173475,3,23.99951291643827,42.37165848179033,3.2380047971058175,51.04694356862626,449.59802496460696,normal
2025-10-12 03:31:09.173475,3,24.615097687181706,47.36797488639378,3.10254756418649,54.011293191761396,463.75865944102856,normal
2025-10-12 03:33:09.173475,3,24.29521379340319,44.169649437672575,2.6621285378741812,68.21668453979507,448.7992491662287,normal
2025-10-12 03:35:09.173475,3,26.15689113317942,42.18611319897366,2.867445321827753,58.06077515814265,423.00453861237537,normal
2025-10-12 03:37:09.173475,3,26.105090502497973,42.17914559235154,3.3257463957686237,51.87040247195819,452.21772765656834,normal
2025-10-12 03:39:09.173475,3,24.86694632304894,46.319299996164744,3.327055041306134,59.95897185164527,429.2738150525246,normal
2025-10-12 03:41:09.173475,3,25.3994742682364,45.77868478843948,3.247874826801847,50.93928844815335,435.0380787075671,normal
2025-10-12 03:43:09.173475,3,25.11702997387658,43.99960436580801,2.949044292696681,58.935443176792134,480.30889616704496,normal
2025-10-12 03:45:09.173475,3,24.732561953760502,47.36836203273443,3.310847178341551,69.11960117652144,482.7347992366128,normal
2025-10-12 03:47:09.173475,3,25.487340443369643,45.85668410132145,2.7865613417748887,66.85109002930363,402.3138642242851,normal
2025-10-12 03:49:09.173475,3,25.481760849557478,42.1774899896606,2.9589609285727976,62.0337321724093,442.3108624204582,normal
2025-10-12 03:51:09.173475,3,23.95068018576014,48.19894188022758,3.210942762666001,65.42486148066357,447.42907413496084,normal
2025-10-12 03:53:09.173475,3,25.459777123727676,45.59112120357349,3.0867066151816207,56.0641638751935,460.6641463579862,normal
2025-10-12 03:55:09.173475,3,23.412806607915233,44.71648489194492,3.0406690249244126,63.34073714250708,428.97559940434996,normal
2025-10-12 03:57:09.173475,3,25.050364904150648,44.159462788818196,3.033217030255949,53.73545056462259,464.5703728702907,normal
2025-10-12 03:59:09.173475,3,25.004054332178093,41.99425878263522,2.7762173620573196,55.00965893499527,460.0916362895478,normal
2025-10-12 04:01:09.173475,3,24.88603783334023,45.038411936007385,2.5831110987433363,67.31290072745463,436.76917114969416,normal
2025-10-12 04:03:09.173475,3,25.321614801077324,43.50165654679352,3.3946524872820314,69.19184295218469,446.4149794928618,normal
2025-10-12 04:05:09.173475,3,25.66713735368462,43.8447715642702,2.9974913666627816,69.68643957628083,454.2099259784301,normal
2025-10-12 04:07:09.173475,3,24.418059172510596,46.90492394107234,3.5067566800955037,58.914596418057386,428.88721020402807,normal
2025-10-12 04:09:09.173475,3,24.912783361608533,48.39658078485391,2.3056631763664575,63.27249441534599,483.3984556280928,normal
2025-10-12 04:11:09.173475,3,25.50500477836418,45.81324406844535,2.9482112597127497,64.59042843952876,440.16086190261035,normal
2025-10-12 04:13:09.173475,3,25.622060377839663,46.54153761287028,3.014660754991546,59.67593793165592,462.773542797606,normal
2025-10-12 04:15:09.173475,3,24.796890387511514,46.493961680209416,3.009447468678599,63.541875695672886,429.08941028651896,normal
2025-10-12 04:17:09.173475,3,24.83304028335446,44.14265040623739,3.0278790702341962,59.95132166777452,463.80147352673225,normal
2025-10-12 04:19:09.173475,3,24.481301837115176,41.08532282173202,2.79955708550167,60.07383522474889,443.11872086591546,normal
2025-10-12 04:21:09.173475,3,24.79590814218725,46.6807136478711,3.6108468559076523,64.76591020956616,453.8675890384832,normal
2025-10-12 04:23:09.173475,3,24.372319081612734,39.52171958772505,3.35584364221269,56.1969423350656,473.3501964597289,normal
2025-10-12 04:25:09.173475,3,25.28518767509976,44.32030991631127,2.73465215440179,61.84965987803193,480.8064795963977,normal
2025-10-12 04:27:09.173475,3,24.86801525455852,45.91798800334858,2.943539268368154,50.56382680894444,458.188770612845,normal
2025-10-12 04:29:09.173475,3,25.19411148148283,48.239626468484644,2.8145480512958208,68.36570070759916,447.9282629318844,normal
2025-10-12 04:31:09.173475,3,25.04245290217386,45.07539314624785,3.1978594408767416,68.14926352692851,424.58096557815435,normal
2025-10-12 04:33:09.173475,3,24.74222924271272,44.53994938417199,3.291030328203796,59.63989835465734,485.3302360065527,normal
2025-10-12 04:35:09.173475,3,24.921502360828505,44.69218954605063,2.903884482168962,63.426088471285595,446.63230155054293,normal
2025-10-12 04:37:09.173475,3,24.594876384028392,46.224480029813826,3.119428433805984,62.525185493248536,414.41202138985557,normal
2025-10-12 04:39:09.173475,3,24.997941394071617,46.729648876982026,3.0454209143855198,65.07627425956738,433.782121275995,normal
2025-10-12 04:41:09.173475,3,24.383552599859083,47.666774600440846,3.1745621870469614,52.07918751824779,455.96903627962877,normal
2025-10-12 04:43:09.173475,3,23.8143631417835,47.71837898832805,3.228151835875243,64.59778235407195,465.7281242399163,normal
2025-10-12 04:45:09.173475,3,25.697021873039485,47.14439343187698,3.30366732703615,51.0393219626236,415.1410493902667,normal
2025-10-12 04:47:09.173475,3,25.41419114801277,43.38840069023159,3.3030823760508046,57.56695163365294,447.3814838974775,normal
2025-10-12 04:49:09.173475,3,24.838086110987362,45.49874056545531,2.99635697665837,65.40875605584674,449.11277088976874,normal
2025-10-12 04:51:09.173475,3,23.96658181151423,42.12749227014376,3.2081769699573774,54.5620075580477,450.14725362847133,normal
2025-10-12 04:53:09.173475,3,25.32169324096936,45.07699697139054,2.283512264774646,62.10142506875488,464.331786795193,normal
2025-10-12 04:55:09.173475,3,26.298907805111075,45.0402129337382,3.053886681789577,52.62159723409406,437.1777147955071,normal
2025-10-12 04:57:09.173475,3,25.063228964344123,45.11316037861091,2.663756367933307,52.25218458698441,476.9029524090483,normal
2025-10-12 04:59:09.173475,3,24.48012106053862,44.00465495314192,2.6195589585074064,55.34419790972148,438.7160764027903,normal
2025-10-12 05:01:09.173475,3,24.30038886449491,47.35851866922025,3.6008048299225774,64.29404632764515,446.63481731024916,normal
2025-10-12 05:03:09.173475,3,24.5214090255405,46.22558148316658,2.99235176142444,50.92138339350935,442.0020001978137,normal
2025-10-12 05:05:09.173475,3,23.953007087631057,49.70354367794411,2.83438691545108,67.37602191635641,445.65682385726285,normal
2025-10-12 05:07:09.173475,3,26.165345932930858,42.92771285604961,3.2570212264411373,53.25805308954788,434.5308831193314,normal
2025-10-12 05:09:09.173475,3,25.313000108334286,44.56462868099774,3.1152836504957855,68.07906130379779,457.9609643301853,normal
2025-10-12 05:11:09.173475,3,23.726871288699858,48.44431019561639,2.76987976337991,63.39906981718436,461.11882903291684,normal
2025-10-12 05:13:09.173475,3,24.086418849216887,42.26385178293602,2.6680576331658297,69.27832024146377,437.9232340501363,normal
2025-10-12 05:15:09.173475,3,25.332676963975462,44.61910762814156,2.827775226873819,65.16769543179835,447.1024287610423,normal
2025-10-12 05:17:09.173475,3,26.360972209443585,42.50851509953266,3.1567530210631536,60.08140159496848,444.3774903022383,normal
2025-10-12 05:19:09.173475,3,25.10488542233612,45.40456081524244,2.994631506897495,53.21426698381971,414.618993925212,normal
2025-10-12 05:21:09.173475,3,23.575506296315105,43.19462281235585,3.1017532737406452,58.606328560847814,430.47199902672406,normal
2025-10-12 05:23:09.173475,3,24.645541161344735,46.70640309010311,3.008829177503266,56.06562052130891,461.4084234672159,normal
2025-10-12 05:25:09.173475,3,24.592316973322546,43.54026082707482,3.5923190233440088,68.9783243637743,460.33288891871933,normal
2025-10-12 05:27:09.173475,3,24.592501563919534,44.67151602993594,3.20927609110176,53.7827739265348,454.1015067846926,normal
2025-10-12 05:29:09.173475,3,24.262752747096567,40.63101452989638,3.0820586313425293,54.68115550034998,433.27816659560744,normal
2025-10-12 05:31:09.173475,3,26.217508184329603,46.18227223584786,2.967908559042456,60.25152431848423,459.14648562173534,normal
2025-10-12 05:33:09.173475,3,24.292726806431443,48.70210835369953,2.9214897018552493,68.81279998372227,488.84491189512596,normal
2025-10-12 05:35:09.173475,3,25.865773376197527,44.483649723937134,3.1530373083750223,69.69858216882983,444.30326124515597,normal
2025-10-12 05:37:09.173475,3,25.435913350534204,48.825453700613046,2.3478693286758023,66.99200349964916,437.01270360772236,normal
2025-10-12 05:39:09.173475,3,25.594302735369986,44.53867666672058,3.3309652716160976,51.989924523612764,403.9157612811207,normal
2025-10-12 05:41:09.173475,3,24.510469413355313,45.10642439420708,2.7537419939511287,58.0557106809299,478.83884803905204,normal
2025-10-12 05:43:09.173475,3,24.730744169255807,44.469524919059594,3.010115716470316,63.74873721881735,433.704879943529,normal
2025-10-12 05:45:09.173475,3,24.526499187981653,48.72251474796106,2.716117310480991,50.493945953722225,455.37187162088594,normal
2025-10-12 05:47:09.173475,3,25.746344791190293,44.76076075126246,2.669044685630072,51.31201529890059,453.2117886634352,normal
2025-10-12 05:49:09.173475,3,25.93478715174331,41.563725019247926,2.6391590416064,54.336285518582166,466.4110700577579,normal
2025-10-12 05:51:09.173475,3,23.834012309354044,40.75210483459867,3.216299085871691,59.70511208294482,457.1668902215201,normal
2025-10-12 05:53:09.173475,3,24.00336071048239,43.21924588347984,3.1882833637777352,63.80150708377595,439.0962751054736,normal
2025-10-12 05:55:09.173475,3,23.253998905973376,43.963861961049886,2.9097059062820336,63.27468721387877,422.36816563072836,normal
2025-10-12 05:57:09.173475,3,24.54498569484425,42.24954976407559,2.946304967582493,54.20744163059672,437.3712594503363,normal
2025-10-12 05:59:09.173475,3,24.38532978894361,44.22691676820448,2.809337670355333,52.68404852652701,436.8573007544388,normal
2025-10-12 06:01:09.173475,3,24.552358482284,45.976190762758364,3.530250718729602,55.12042346123026,454.1664501725118,normal
2025-10-12 06:03:09.173475,3,24.471674302124274,47.784911882966135,3.2016880224121205,67.42667184680565,433.6518373117132,normal
2025-10-12 06:05:09.173475,3,24.020761048680917,44.71426682931604,2.4932662638087466,57.345554025614184,419.99046901673995,normal
2025-10-12 06:07:09.173475,3,25.214647929030846,42.20184314363105,2.5439139623278173,66.73240420735317,245.44560770328494,cooling_drop
2025-10-12 06:09:09.173475,3,25.551646643970813,47.04489654571185,2.8399704760147526,50.76727722711402,273.8070405791282,cooling_drop
2025-10-12 06:11:09.173475,3,25.487541601722395,44.85955927696477,2.243316624753615,63.34831061067662,250.75083682973644,cooling_drop
2025-10-12 06:13:09.173475,3,25.037536451070963,44.63253345046639,2.6706034297740606,59.92645542568758,210.20368962401704,cooling_drop
2025-10-12 06:15:09.173475,3,25.049587296030847,46.0114708649456,2.9739896591555373,61.98555035647183,283.42695150874954,cooling_drop
2025-10-12 06:17:09.173475,3,25.428119990952155,41.69540142327571,2.687950108433613,61.38964776273184,247.6182771300788,cooling_drop
2025-10-12 06:19:09.173475,3,25.15028657453354,47.50456732391328,3.0483898627988086,52.50177819672807,262.91780840551786,cooling_drop
2025-10-12 06:21:09.173475,3,25.24124772734691,44.76860703416867,3.182269688136413,56.5388420050939,253.26132687771155,cooling_drop
2025-10-12 06:23:09.173475,3,25.689996745207953,47.361979810611345,3.1209823689111515,55.70488684613533,263.44778675222767,cooling_drop
2025-10-12 06:25:09.173475,3,25.51655426164073,44.684315957919836,2.839175461463744,60.11618445184659,264.92497078863795,cooling_drop
2025-10-12 06:27:09.173475,3,25.932524020913267,47.45406919409774,2.525818817757249,61.707508455819124,283.46883771245973,cooling_drop
2025-10-12 06:29:09.173475,3,26.092314464859836,44.300296512443744,2.939214969718704,52.38543344079487,291.7598736502019,cooling_drop
2025-10-12 06:31:09.173475,3,25.496669845525528,45.98576794370374,3.2500809614512045,65.78081208404095,250.02219889374587,cooling_drop
2025-10-12 06:33:09.173475,3,25.524846999041316,42.52667406662987,2.8719880896807632,51.22433316287144,228.02690073755832,cooling_drop
2025-10-12 06:35:09.173475,3,26.127615583391684,43.566853023151786,3.242878330791566,66.59287610705857,252.73194791177505,cooling_drop
2025-10-12 06:37:09.173475,3,26.235274504198564,48.468866183574775,2.707427722469918,59.297095616265416,255.1391487636789,cooling_drop
2025-10-12 06:39:09.173475,3,26.911589228837496,45.06977589417882,2.5873467331293774,60.57168402874885,233.74908459756028,cooling_drop
2025-10-12 06:41:09.173475,3,26.598556058492456,43.460813070995385,3.0978133129097576,64.4123258132743,262.0592820688252,cooling_drop
2025-10-12 06:43:09.173475,3,26.44022665223638,46.37171563721684,2.353880827862562,52.962015972542545,269.514267553385,cooling_drop
2025-10-12 06:45:09.173475,3,26.159523543557846,45.906327208121155,3.0699538571384575,64.10993303869247,255.8590366703767,cooling_drop
2025-10-12 06:47:09.173475,3,27.086977007158417,48.98274083683381,3.117874053164465,58.34896567792925,230.03118294246565,cooling_drop
2025-10-12 06:49:09.173475,3,27.203846133865316,45.99720963697446,3.2261206911535343,67.8952397402499,253.3097878624512,cooling_drop
2025-10-12 06:51:09.173475,3,26.915637905235517,46.72705648504304,3.0514407952771174,56.40362334856877,230.03386449417889,cooling_drop
2025-10-12 06:53:09.173475,3,27.0078011973583,42.00326202906833,3.3429959471884705,54.22416517175903,229.49332218935095,cooling_drop
2025-10-12 06:55:09.173475,3,26.75560125437766,44.57169937857762,3.251146345899415,54.905586099487344,231.1587963285151,cooling_drop
2025-10-12 06:57:09.173475,3,26.835480258267502,47.198974050666166,2.94338652007805,61.31726147119239,211.847763860864,cooling_drop
2025-10-12 06:59:09.173475,3,26.821607126090864,49.35712434798332,3.05830003900147,67.7937482514333,259.5800628678552,cooling_drop
2025-10-12 07:01:09.173475,3,27.11968567954598,44.8491736381876,3.4976820910294695,62.06444271315927,268.10133096719096,cooling_drop
2025-10-12 07:03:09.173475,3,27.27497355360374,47.14303187116208,2.5480397909428802,51.12666555598479,243.6447821196521,cooling_drop
2025-10-12 07:05:09.173475,3,27.19558928398191,43.5946845097667,2.4284008642647192,55.253866197600104,249.12941066990666,cooling_drop
2025-10-12 07:07:09.173475,3,27.13277534093432,42.14634684643732,3.0208011485146042,56.39178852519996,260.0499939225858,cooling_drop
2025-10-12 07:09:09.173475,3,27.526003430280635,46.177270919592544,3.218503563920863,65.06625863758514,235.71007817393803,cooling_drop
2025-10-12 07:11:09.173475,3,27.925544064461505,49.404027849319235,2.8931723854142835,50.76723109575949,269.08170204313257,cooling_drop
2025-10-12 07:13:09.173475,3,27.80992750839633,40.51830651195452,3.0016907490890556,55.54853469601958,275.91654143545384,cooling_drop
2025-10-12 07:15:09.173475,3,28.026010952070624,44.273736706365845,3.256320600336216,65.39544614771171,277.5436187300912,cooling_drop
2025-10-12 07:17:09.173475,3,27.84788247422025,48.53210060810458,3.8358149813439972,61.557541628818186,269.9178683117849,cooling_drop
2025-10-12 07:19:09.173475,3,28.096734095566294,44.26943828359223,3.7163903116574195,51.873149052149486,250.98656331589686,cooling_drop
2025-10-12 07:21:09.173475,3,28.20778624668602,42.74947022038468,2.6719403140620983,66.75682761811038,265.23344372590003,cooling_drop
2025-10-12 07:23:09.173475,3,27.547433209536145,45.36994115014631,3.1358269056230084,58.28859624934073,261.52902690244844,cooling_drop
2025-10-12 07:25:09.173475,3,28.390702223456127,46.47764656690073,3.3840996911615187,57.10579286438637,228.5588387631392,cooling_drop
2025-10-12 07:27:09.173475,3,28.09606497338465,47.4425898913703,3.0401875141740704,50.66853066186443,280.97278590048074,cooling_drop
2025-10-12 07:29:09.173475,3,27.802836487536673,43.46850936258749,2.9716745213591857,69.08263283142145,224.06332305664054,cooling_drop
2025-10-12 07:31:09.173475,3,27.987899826935788,46.49072144815575,3.028057048931583,50.106979773884454,255.28509527214678,cooling_drop
2025-10-12 07:33:09.173475,3,28.073621218361744,46.406626122915185,2.9633029853601767,60.84773120380878,257.96896091024,cooling_drop
2025-10-12 07:35:09.173475,3,28.026242126104222,45.46608590305897,2.7845805649145206,68.29232909030384,227.1332201783228,cooling_drop
2025-10-12 07:37:09.173475,3,27.669690074234907,45.36021093493083,2.7806026179154175,53.278634419064055,262.4916461863449,cooling_drop
2025-10-12 07:39:09.173475,3,28.318856107909966,49.6756554907766,2.741772959489454,53.42546821332479,232.092912526816,cooling_drop
2025-10-12 07:41:09.173475,3,28.319132195135673,43.092221823173375,3.1359763503857314,63.76235318412701,232.6230784336314,cooling_drop
2025-10-12 07:43:09.173475,3,27.690692417455807,46.644700941791505,2.748905893668124,55.240700090137494,245.86030821803263,cooling_drop
2025-10-12 07:45:09.173475,3,27.630227183615354,44.59363852675824,2.76830464718315,64.26643459002544,259.2452492890841,cooling_drop
2025-10-12 07:47:09.173475,3,28.449429290046336,43.367690021943915,2.5634836184728345,52.058922894005725,273.4362028654769,cooling_drop
2025-10-12 07:49:09.173475,3,28.54498184906664,42.99230054593823,3.2504249167929906,56.48876457270133,250.64508458121915,cooling_drop
2025-10-12 07:51:09.173475,3,27.828644807774744,45.087657598920856,3.2867408235337443,59.11003390438441,271.7980991818166,cooling_drop
2025-10-12 07:53:09.173475,3,27.95621876916601,47.65523090321061,3.6627551900066035,54.38640802422764,207.21771751138297,cooling_drop
2025-10-12 07:55:09.173475,3,27.734884257792682,43.453940580794594,2.7387816685068778,50.75640273104071,287.8438352166614,cooling_drop
2025-10-12 07:57:09.173475,3,27.89662403927961,45.63213628480326,2.8301956251789684,67.09137328065282,235.65215672681137,cooling_drop
2025-10-12 07:59:09.173475,3,27.72459428150831,45.18475358327985,2.5306133617992588,55.069875065143805,246.82924615167087,cooling_drop
2025-10-12 08:01:09.173475,3,28.26700303804793,42.37072520841599,2.4682264303915638,64.55158644269888,211.2118918371625,cooling_drop
2025-10-12 08:03:09.173475,3,27.95380070044065,44.67609036611734,3.1315238098489937,61.2138896275136,272.7189569188764,cooling_drop
2025-10-12 08:05:09.173475,3,27.881319888026287,49.47670632354172,2.7183137556093397,63.83727816321689,223.13749464710918,cooling_drop
2025-10-12 08:07:09.173475,3,27.908366589267494,41.54163422099316,3.5858752147468533,51.344812681040736,269.28311768343957,cooling_drop
2025-10-12 08:09:09.173475,3,27.95654773697926,47.24610639505293,3.116180190130359,59.88023341198611,276.31263724376487,cooling_drop
2025-10-12 08:11:09.173475,3,27.67708564377938,43.652419788681044,3.28726114898393,59.91307841766494,271.6599987703374,cooling_drop
2025-10-12 08:13:09.173475,3,27.525008323111866,43.9791155864669,2.8868646378919656,53.93377116462426,214.08017037180568,cooling_drop
2025-10-12 08:15:09.173475,3,27.670856905111357,49.583822533637374,3.5602386012484053,63.07555845912313,238.95477495774782,cooling_drop
2025-10-12 08:17:09.173475,3,27.63638300448203,49.319478521322,2.4415546648333537,67.75635280671638,281.5965943744724,cooling_drop
2025-10-12 08:19:09.173475,3,27.608623166859857,43.21280997256176,2.507585965319371,53.00990996145171,240.46897153561517,cooling_drop
2025-10-12 08:21:09.173475,3,28.005047519886343,44.07387211153196,2.1347026898465398,66.97535170562628,278.4316571334535,cooling_drop
2025-10-12 08:23:09.173475,3,28.563962364826303,46.041512240717424,2.9016580620370434,61.54040803381117,248.25830547713701,cooling_drop
2025-10-12 08:25:09.173475,3,27.737391891674562,44.08700540306327,3.3853311158332153,59.844323665749336,235.50463083509052,cooling_drop
2025-10-12 08:27:09.173475,3,28.290810790722418,43.73719488886688,3.015757910464595,50.04694947734906,245.56437192567728,cooling_drop
2025-10-12 08:29:09.173475,3,27.664370151155847,48.534048988791724,2.680726586420033,64.2414398449586,265.8330841218705,cooling_drop
2025-10-12 08:31:09.173475,3,28.149336492825334,46.074824005640764,3.1926903705033527,61.934459802124344,237.9018647214365,cooling_drop
2025-10-12 08:33:09.173475,3,27.747981989337458,45.05451126472116,2.68313278779959,61.70521751019693,225.49023041562347,cooling_drop
2025-10-12 08:35:09.173475,3,27.338411688173228,47.77952826789271,2.596437098757419,68.02518415593127,242.27355049105648,cooling_drop
2025-10-12 08:37:09.173475,3,27.670768127039512,45.687735626295876,2.703481668459938,64.57741018977191,242.25501268042095,cooling_drop
2025-10-12 08:39:09.173475,3,28.092487619091646,43.799228614257785,3.041896106869605,67.87548375523889,246.8432498031948,cooling_drop
2025-10-12 08:41:09.173475,3,28.107461990161113,44.44258215156071,3.079281171918541,50.77183123876268,290.70018218669577,cooling_drop
2025-10-12 08:43:09.173475,3,28.22254668831704,44.81606306759391,2.67542568938606,61.96612151392038,242.75304884907794,cooling_drop
2025-10-12 08:45:09.173475,3,27.86316854507507,42.92073211435044,3.1263254970659418,68.11698779998612,248.4445459947117,cooling_drop
2025-10-12 08:47:09.173475,3,28.017022504989047,45.2269120801131,3.055751288670826,64.63410545446303,225.8160257752079,cooling_drop
2025-10-12 08:49:09.173475,3,28.192288239760927,46.330543012580186,2.693681100537943,54.394455002207934,231.63593254298013,cooling_drop
2025-10-12 08:51:09.173475,3,27.905475421627322,44.51713887055001,3.440034767069693,65.8437987655049,278.9764021667543,cooling_drop
2025-10-12 08:53:09.173475,3,28.296320530307593,43.492216942890614,2.7282104576046904,56.296823108174706,259.02939173127595,cooling_drop
2025-10-12 08:55:09.173475,3,27.82426218296539,44.556800611229924,2.5677055096425243,68.1687509574453,243.06456846466577,cooling_drop
2025-10-12 08:57:09.173475,3,27.834784963564427,43.76726914163532,3.085666766862119,68.451448098116,256.1339674731887,cooling_drop
2025-10-12 08:59:09.173475,3,28.293537341699967,43.37894274035675,3.257092661094836,63.87019674092641,211.05315051718372,cooling_drop
2025-10-12 09:01:09.173475,3,27.7641087840585,46.38126113951352,2.6738278983766004,65.44480551786553,291.47557365606565,cooling_drop
2025-10-12 09:03:09.173475,3,27.841315971182592,46.91460964518706,2.968172809397574,59.957383610286385,296.49397828646835,cooling_drop
2025-10-12 09:05:09.173475,3,28.13711201967891,42.147772565713794,2.858144162106586,58.121642651195415,258.05889147007207,cooling_drop
2025-10-12 09:07:09.173475,3,28.18570988397656,47.78407750317418,3.0333388125889535,57.069549502567575,239.66306233652344,cooling_drop
2025-10-12 09:09:09.173475,3,28.215123711098848,45.355556277169974,2.9292133541930463,51.979372468174134,224.34741136146118,cooling_drop
2025-10-12 09:11:09.173475,3,27.866557948548852,45.27805737390625,2.9864631329027844,69.5946866954772,263.8182191478439,cooling_drop
2025-10-12 09:13:09.173475,3,28.542277096657692,45.59906500608643,2.827121421291518,50.62349818223842,241.35912371510452,cooling_drop
2025-10-12 09:15:09.173475,3,27.950475830499087,45.0635189131629,3.022702062184016,66.02743070927274,247.12680940205763,cooling_drop
2025-10-12 09:17:09.173475,3,27.689658592894737,44.769159397595175,2.524917619673941,61.03657467068337,216.91647119544683,cooling_drop
2025-10-12 09:19:09.173475,3,28.220343023500366,40.845760292452255,2.9294178270082685,58.98246827860501,222.9249065058048,cooling_drop
2025-10-12 09:21:09.173475,3,28.57033621938028,48.14719927846517,2.827266673522788,63.71752550172929,215.3425269670874,cooling_drop
2025-10-12 09:23:09.173475,3,28.204963721200322,47.78051065502398,3.5362039243289476,57.394756217453775,239.74822406042983,cooling_drop
2025-10-12 09:25:09.173475,3,27.955541937585245,44.26459534756442,2.8619547114970776,52.110272928024024,210.4140339392634,cooling_drop
2025-10-12 09:27:09.173475,3,28.382328528006273,44.65665269215043,3.3295454628155454,61.71726101055843,272.37789195861336,cooling_drop
2025-10-12 09:29:09.173475,3,28.12940352996333,44.487194888935406,2.5988774676336486,61.695136166746096,250.58537967809653,cooling_drop
2025-10-12 09:31:09.173475,3,27.962044330913816,45.87890538091598,3.380388146130927,53.97085717736403,239.69658201815963,cooling_drop
2025-10-12 09:33:09.173475,3,27.989105219975222,44.995574661058875,3.4704015093129956,56.10429060257718,284.03132140105714,cooling_drop
2025-10-12 09:35:09.173475,3,27.80060467074938,43.1943821460744,3.242779409472596,53.434199779473765,218.19716338639404,cooling_drop
2025-10-12 09:37:09.173475,3,28.078141524721264,43.242105993504296,3.0889653964293915,63.098822091346435,213.3287157202582,cooling_drop
2025-10-12 09:39:09.173475,3,28.151281224411516,46.042898798119055,3.401090722066788,69.41809422899739,242.6864583493896,cooling_drop
2025-10-12 09:41:09.173475,3,27.69025630963154,44.695404043011706,2.807794908987668,69.2763532237636,279.6459897230582,cooling_drop
2025-10-12 09:43:09.173475,3,28.09944126889927,45.72912295471092,2.7959479570956147,62.897120868594534,213.92499031815007,cooling_drop
2025-10-12 09:45:09.173475,3,27.958611070377053,44.5338061579257,3.164437898618187,55.04505667710341,259.8703207040576,cooling_drop
2025-10-12 09:47:09.173475,3,28.041298582260413,43.89882586599859,3.1529067693673967,64.24015922396325,276.05180793572464,cooling_drop
2025-10-12 09:49:09.173475,3,27.49949653356738,44.56779125763336,2.6950426913452192,59.61883216168607,221.66127183048695,cooling_drop
2025-10-12 09:51:09.173475,3,27.598159067512672,45.27038068197477,2.902129888667592,58.72428834240091,220.36838456897263,cooling_drop
2025-10-12 09:53:09.173475,3,27.850116002913555,44.872746325105275,3.4243928002486044,55.96901322295521,260.3467458936728,cooling_drop
2025-10-12 09:55:09.173475,3,28.270518609142083,46.568292832706994,2.7305918321026623,50.80650479441901,222.3331844605678,cooling_drop
2025-10-12 09:57:09.173475,3,27.82137303913719,45.06801850972216,3.220716393305666,57.29636192615714,241.20600098128384,cooling_drop
2025-10-12 09:59:09.173475,3,28.291052524770357,42.8031815640749,2.8142631155250206,57.55593647818823,244.5431090731974,cooling_drop
2025-10-12 10:01:09.173475,3,27.64613768242578,46.23412608947041,2.4954358934932386,51.31784330063945,272.81717973403227,cooling_drop
2025-10-12 10:03:09.173475,3,27.619160420196156,44.66339915365671,3.1797309995590783,63.28148242399668,242.3847319227639,cooling_drop
2025-10-12 10:05:09.173475,3,27.88887021957687,44.69499985969938,2.8962057507292527,53.15322053593816,238.71770398776812,cooling_drop
2025-10-12 10:07:09.173475,3,27.800969152834153,45.07514971867173,2.905592751363572,57.5892276118693,260.61366246020094,cooling_drop
2025-10-12 10:09:09.173475,3,28.089481331380295,42.72849830428341,2.689638410745514,64.66803698669811,307.2227313526737,cooling_drop
2025-10-12 10:11:09.173475,3,28.08841577587069,46.38643520331741,2.3916968184987453,57.19086289040007,245.11943295657733,cooling_drop
2025-10-12 10:13:09.173475,3,27.701215602765032,42.13335214323863,3.036398184823688,59.03738089304556,254.75522329189786,cooling_drop
2025-10-12 10:15:09.173475,3,28.396298736862214,45.216028241959,2.7280054364537123,64.05476598579173,258.045361544026,cooling_drop
2025-10-12 10:17:09.173475,3,28.366839590791166,45.94511479876765,2.765709087851954,63.54683692163033,260.78803976418817,cooling_drop
2025-10-12 10:19:09.173475,3,27.892576166146203,47.454547644162524,2.6369518491057344,54.32271624621841,248.6710204938109,cooling_drop
2025-10-12 10:21:09.173475,3,28.052671618514648,42.462616046313656,3.535979107178009,67.19708980670244,265.9669610269822,cooling_drop
2025-10-12 10:23:09.173475,3,28.147423826906657,42.55355953987614,3.427388319623173,62.22989705438398,275.3716647129494,cooling_drop
2025-10-12 10:25:09.173475,3,28.387728812301123,46.18000952220894,3.76211732930443,64.84402018242265,229.2288738792823,cooling_drop
2025-10-12 10:27:09.173475,3,28.101806743826867,44.30368520636537,2.977522033164466,56.711144033933145,195.93303905785285,cooling_drop
2025-10-12 10:29:09.173475,3,27.477889652315653,44.60526478598102,3.3501627250941475,50.35915727500302,267.9105107483395,cooling_drop
2025-10-12 10:31:09.173475,3,27.759270988040548,46.15785729714247,3.13801269715814,62.35389172377182,250.39199233155256,cooling_drop
2025-10-12 10:33:09.173475,3,28.020436855042195,45.967557668005554,3.165400264826923,55.180702882066946,245.55043733400282,cooling_drop
2025-10-12 10:35:09.173475,3,28.208779630282255,43.96677160247978,2.6930240329873247,58.36898994350916,230.98093233811056,cooling_drop
2025-10-12 10:37:09.173475,3,28.358635813525893,41.89221399110492,3.4699527380117723,55.97344314775099,184.91042117404584,cooling_drop
2025-10-12 10:39:09.173475,3,28.17453453118851,44.967553764808116,3.3470501343110968,52.61862504253555,257.8241865447479,cooling_drop
2025-10-12 10:41:09.173475,3,28.19623840065133,43.569558096401224,2.971011139140998,66.50616804845964,230.40322454917015,cooling_drop
2025-10-12 10:43:09.173475,3,28.333630185766403,46.370580169421935,3.4206027977757367,66.0615128467549,247.83722019217166,cooling_drop
2025-10-12 10:45:09.173475,3,27.898469264555555,46.39227248393914,2.982219593219898,59.72744201650295,278.36805092073166,cooling_drop
2025-10-12 10:47:09.173475,3,27.941971711425637,45.43677797508835,3.386659027561891,53.59595626990151,279.50224728619713,cooling_drop
2025-10-12 10:49:09.173475,3,27.98960032907872,46.45763727531927,3.1777665923786307,50.656509976384804,260.06520453051013,cooling_drop
2025-10-12 10:51:09.173475,3,27.85907066069886,45.31751210187509,3.3468020008353383,53.946279411521196,292.8601410916982,cooling_drop
2025-10-12 10:53:09.173475,3,27.71062962027125,43.69617992922873,3.0134619706979104,53.17072316999847,226.97950581084532,cooling_drop
2025-10-12 10:55:09.173475,3,28.073511599294623,44.460096206349675,2.5369647170442757,60.34241776226661,244.2418784626416,cooling_drop
2025-10-12 10:57:09.173475,3,28.46349543861471,46.034460100554774,3.3800541721701376,52.26199478847645,243.82645180650434,cooling_drop
2025-10-12 10:59:09.173475,3,27.64667156260259,47.93956851757499,2.8133189331318014,61.61474279594704,245.6842574734356,cooling_drop
2025-10-12 11:01:09.173475,3,27.883671465188044,45.80292828373399,2.564250480873691,58.46877609799585,227.17527566310545,cooling_drop
2025-10-12 11:03:09.173475,3,28.017534844211696,46.82524064508088,3.126515079900929,55.15879013573801,224.21038825580627,cooling_drop
2025-10-12 11:05:09.173475,3,27.997605638694488,46.9380811032707,2.489947196214353,51.80391400400489,258.945043109845,cooling_drop
2025-10-12 11:07:09.173475,3,28.06100783799963,46.36348681763028,3.2887508657400306,61.794580721529314,234.25651860026008,cooling_drop
2025-10-12 11:09:09.173475,3,27.952773599867978,44.997464293025004,3.180281514213518,68.63070098310524,272.52695064869954,cooling_drop
2025-10-12 11:11:09.173475,3,28.70962233159999,42.12255979788626,2.932421207252594,50.07439321636119,271.7907316615328,cooling_drop
2025-10-12 11:13:09.173475,3,27.513260400732232,43.17241329683296,2.3612018846492333,69.612964391281,251.2205716711264,cooling_drop
2025-10-12 11:15:09.173475,3,27.385145645143503,45.747067366823536,3.4366303451745974,65.2140961208779,236.90932858003382,cooling_drop
2025-10-12 11:17:09.173475,3,27.659468643635286,43.35102938869298,2.7759216919883416,50.230520281059704,254.6572122392915,cooling_drop
2025-10-12 11:19:09.173475,3,27.771274614819127,43.47927271756774,2.881916525390097,53.98164625655915,242.13235404510687,cooling_drop
2025-10-12 11:21:09.173475,3,28.040515949743668,44.37117043326645,2.5213298261333317,50.44268902058994,236.57351539463036,cooling_drop
2025-10-12 11:23:09.173475,3,28.538999560502504,43.29300903987732,2.799168925909953,63.08046155317521,228.01921550936282,cooling_drop
2025-10-12 11:25:09.173475,3,27.90253491340248,46.24586453962393,3.5430982772168087,67.17344109858992,225.15641860543013,cooling_drop
2025-10-12 11:27:09.173475,3,27.896656837374262,43.501168026086056,3.1013298297163803,63.896414597434415,255.14506842223003,cooling_drop
2025-10-12 11:29:09.173475,3,27.974317585321565,45.754067675656025,2.716191052094712,57.63960090925892,263.0342215319383,cooling_drop
2025-10-12 11:31:09.173475,3,28.08972572020633,46.66631553325887,2.810925211498669,69.91208403607013,247.77362302404399,cooling_drop
2025-10-12 11:33:09.173475,3,27.523393560886724,41.252059848635106,3.055324970828093,50.30529679292059,241.87817742216873,cooling_drop
2025-10-12 11:35:09.173475,3,27.72278115779768,42.492987975256476,2.935513548576315,67.46508713383345,235.6002093355612,cooling_drop
2025-10-12 11:37:09.173475,3,28.074042795454258,47.630188020215606,3.3853772156055415,69.12442347287255,240.00772813554536,cooling_drop
2025-10-12 11:39:09.173475,3,28.233081010879456,45.060952827841255,2.730824098151623,54.63165982577999,268.7211233587203,cooling_drop
2025-10-12 11:41:09.173475,3,27.853047417398077,44.809054711427805,2.666548385789663,68.77156479172066,259.53627190049207,cooling_drop
2025-10-12 11:43:09.173475,3,28.0429918915,43.96818937373532,2.722382322707113,58.4898566535307,250.32249575800944,cooling_drop
2025-10-12 11:45:09.173475,3,27.71008627186238,46.54916099546348,3.0537342034105404,55.758681881864376,227.76443401731115,cooling_drop
2025-10-12 11:47:09.173475,3,27.67614014435019,46.99411871290728,3.3382050268066457,56.38633760042748,260.41378992845335,cooling_drop
2025-10-12 11:49:09.173475,3,28.239883487816872,44.673384089996986,3.3557487596226525,58.487780361450206,248.3874238310038,cooling_drop
2025-10-12 11:51:09.173475,3,27.65108720491462,44.17315245872712,3.0097188641050736,58.88226010350813,245.01260749655037,cooling_drop
2025-10-12 11:53:09.173475,3,28.32097403062329,46.46056763861393,3.072300076019174,50.3606401965046,263.6932246108749,cooling_drop
2025-10-12 11:55:09.173475,3,28.085426378015672,41.07342170432205,3.1382474596211596,52.72501130183956,278.6861933870415,cooling_drop
2025-10-12 11:57:09.173475,3,28.300279803758702,45.44660467910441,3.295044568663557,63.483842332300014,248.48980054866385,cooling_drop
2025-10-12 11:59:09.173475,3,28.325914213361752,45.66673970252176,2.252156850181394,66.0609104935176,261.3654675430557,cooling_drop
2025-10-12 12:01:09.173475,3,27.531850552637692,45.50863125310742,2.7894748673607643,58.26388957605595,222.3645951503289,cooling_drop
2025-10-12 12:03:09.173475,3,27.73483933145778,45.29459600077817,2.7958517856707856,65.4406357194471,283.62984914836034,cooling_drop
2025-10-12 12:05:09.173475,3,28.11398486730184,45.581135171177316,3.2218635621587817,67.63709601641366,242.37190939057172,cooling_drop
2025-10-12 12:07:09.173475,3,27.69162287049678,41.57879329112697,2.8820729397895617,57.86340869128529,308.70812412776934,cooling_drop
2025-10-12 12:09:09.173475,3,27.761087657473148,46.3193045975545,2.873160343617041,51.39723841369323,219.7540401663201,cooling_drop
2025-10-12 12:11:09.173475,3,28.155465685133624,43.987621877829326,2.946145627538256,55.39947273710924,230.90763796099878,cooling_drop
2025-10-12 12:13:09.173475,3,28.086309282103514,44.605705238083175,2.5481733464819474,59.406480958744126,258.25330046363644,cooling_drop
2025-10-12 12:15:09.173475,3,28.147604284170068,49.128440269704825,3.0474284627600428,66.94710107818733,256.92234657595446,cooling_drop
2025-10-12 12:17:09.173475,3,27.996506335349753,45.480228995443724,3.1220720177569894,60.856827486681496,249.9538842525835,cooling_drop
2025-10-12 12:19:09.173475,3,28.124084877271503,49.271173460154735,3.084610265762803,58.36726076857586,207.52014363748728,cooling_drop
2025-10-12 12:21:09.173475,3,28.1278139461735,44.666324177190475,2.643293382232205,58.160401825701626,264.3730525651149,cooling_drop
2025-10-12 12:23:09.173475,3,28.24661982340976,46.74430621136811,3.09721093281196,58.362631995872455,228.06249841232028,cooling_drop
2025-10-12 12:25:09.173475,3,27.889465037390192,45.02127253669736,2.5991991322695216,66.96835452861022,245.00611655066413,cooling_drop
2025-10-12 12:27:09.173475,3,27.920322210021276,46.368900955272856,2.8736403550161262,55.669222985281586,251.15728094853512,cooling_drop
2025-10-12 12:29:09.173475,3,28.359592782698638,41.757983430847325,2.7906512135238306,66.17955499227418,272.36366034301415,cooling_drop
2025-10-12 12:31:09.173475,3,28.41976838502135,48.0782846916213,3.471719463081098,66.54316296855247,245.9959749139926,cooling_drop
2025-10-12 12:33:09.173475,3,27.835655428982022,45.52505602464665,2.4886899875111204,58.98296405464425,217.1952826667306,cooling_drop
2025-10-12 12:35:09.173475,3,27.96204022607588,43.17935131614343,3.208549574499042,53.93907260417443,232.72040301847844,cooling_drop
2025-10-12 12:37:09.173475,3,27.863079045147966,41.359203903856326,3.3562923418076718,58.9782344518558,221.51755176684125,cooling_drop
2025-10-12 12:39:09.173475,3,28.053558750916142,41.07092792379415,2.5556562826134854,50.71224300545683,221.52083775604785,cooling_drop
2025-10-12 12:41:09.173475,3,27.96661212771841,48.532479720598815,3.1505962972166497,53.54963669982023,309.58109927602777,cooling_drop
2025-10-12 12:43:09.173475,3,27.82075634259268,42.00891692700359,2.996310465207583,51.20146336709965,264.985651137589,cooling_drop
2025-10-12 12:45:09.173475,3,27.873081819692267,45.58668708385446,3.547799163522314,52.87668941980622,232.722680672086,cooling_drop
2025-10-12 12:47:09.173475,3,27.647006516829983,46.85618122198216,2.4688556586671764,56.313072539646484,257.71940185137754,cooling_drop
2025-10-12 12:49:09.173475,3,27.963804117178064,44.399470564162336,2.6096242126823705,63.16567566852315,248.38150093436394,cooling_drop
2025-10-12 12:51:09.173475,3,28.131138033919317,45.18411027462398,3.1428721060163,59.42345118756283,298.8244344494383,cooling_drop
2025-10-12 12:53:09.173475,3,28.038120572007866,43.97277739557212,3.285827906758257,54.745087273142744,264.81512757006215,cooling_drop
2025-10-12 12:55:09.173475,3,27.48226866255623,45.044678478637216,3.5080641400241017,51.35592791656225,250.6428629392912,cooling_drop
2025-10-12 12:57:09.173475,3,28.18637633618656,46.9485245261729,2.625133229178156,58.531838021087864,267.00373107696754,cooling_drop
2025-10-12 12:59:09.173475,3,28.077025239598537,44.97696982384671,3.309197942472468,56.26501480977644,288.66719495428714,cooling_drop
2025-10-12 13:01:09.173475,3,28.21331359131921,46.981916374071325,2.909390693165171,64.4884468053863,234.30649224859,cooling_drop
2025-10-12 13:03:09.173475,3,27.863440328555154,42.305492164837304,2.7303600569268487,53.52178575887708,223.00148724277454,cooling_drop
2025-10-12 13:05:09.173475,3,28.25361741498342,40.60417310885198,2.735231876566341,69.64154757271262,232.77273894100904,cooling_drop
2025-10-12 13:07:09.173475,3,27.943295710695256,45.36058976100689,2.755539555327197,61.987271034765314,235.42081499933676,cooling_drop
2025-10-12 13:09:09.173475,3,27.427585617829127,45.049942524742,2.7980444290610738,60.09478950760703,217.98525688110914,cooling_drop
2025-10-12 13:11:09.173475,3,28.134948164117954,43.58489542941179,2.8383629086269866,69.15670608897005,225.11027100222267,cooling_drop
2025-10-12 13:13:09.173475,3,28.162433229816923,42.84418827769683,2.8077945019507196,59.83751918921648,241.7701751755744,cooling_drop
2025-10-12 13:15:09.173475,3,28.016500880810014,45.84486994580288,2.860143416416133,65.83922028933432,268.9361513302374,cooling_drop
2025-10-12 13:17:09.173475,3,27.70604026129077,43.94357197030043,2.7869002529355327,55.26492349661089,244.66773973440925,cooling_drop
2025-10-12 13:19:09.173475,3,28.401797976844,43.62692249369246,3.349012816549065,52.86162790834628,207.80323518748716,cooling_drop
2025-10-12 13:21:09.173475,3,28.24190452332248,46.59360966611413,3.5715069250606257,59.43512618781749,241.38701494492346,cooling_drop
2025-10-12 13:23:09.173475,3,27.990544446001568,45.5147462128347,2.810746079115843,67.91624202797158,285.0185188385429,cooling_drop
2025-10-12 13:25:09.173475,3,28.514249307224667,42.93252839887555,2.9176065454314486,60.13540081435576,240.07444933820602,cooling_drop
2025-10-12 13:27:09.173475,3,27.677601688170142,43.43529215499601,3.2559495919239576,59.61572336359455,248.6544507017293,cooling_drop
2025-10-12 13:29:09.173475,3,28.345146115010007,44.49952766868585,2.9046629358263067,58.03903849230439,244.26015628418003,cooling_drop
2025-10-12 13:31:09.173475,3,28.289430968290734,47.59997474452427,3.2880915504260004,61.72364708176683,241.4203856525516,cooling_drop
2025-10-12 13:33:09.173475,3,27.439817934509417,43.723393517138234,2.927414542602665,69.85607956372029,270.1571379490983,cooling_drop
2025-10-12 13:35:09.173475,3,28.210759994180158,42.33510330421087,3.351350289811844,57.82908541588942,242.6443094685789,cooling_drop
2025-10-12 13:37:09.173475,3,27.624518002908307,48.19581172039282,2.8057868188056103,60.230723884695834,233.48399499824373,cooling_drop
2025-10-12 13:39:09.173475,3,28.029146736125874,47.23336255013504,3.0696283913785614,54.83855456238473,303.33810444640017,cooling_drop
2025-10-12 13:41:09.173475,3,28.037041694352563,43.491915016664905,3.5832323110576483,50.89762032945436,254.60111223091002,cooling_drop
2025-10-12 13:43:09.173475,3,28.247920995199156,42.86793565674464,2.9845373374177044,54.28543618620519,248.83139762005024,cooling_drop
2025-10-12 13:45:09.173475,3,27.791937733161344,45.223199433803025,3.711481074050331,66.3420426600523,252.36622296233338,cooling_drop
2025-10-12 13:47:09.173475,3,28.300670850010878,48.12051105906186,2.4145191261351338,62.981612040377684,256.41995127372047,cooling_drop
2025-10-12 13:49:09.173475,3,27.929570394568355,45.78267516168925,2.7494527185412476,50.08719159913161,263.07666446124756,cooling_drop
2025-10-12 13:51:09.173475,3,27.798483763222578,42.49167802600879,2.833494989536767,61.702433218542495,244.46221288462394,cooling_drop
2025-10-12 13:53:09.173475,3,27.981631187439408,46.99058079904406,2.826533950013724,63.794030697237375,240.00729193775035,cooling_drop
2025-10-12 13:55:09.173475,3,28.322086583172272,43.73830889841829,2.9106399585129417,55.44934368066192,268.9177631310928,cooling_drop
2025-10-12 13:57:09.173475,3,27.998948281972396,44.16991079912473,2.748092501891626,61.571706971858994,244.4129344917335,cooling_drop
2025-10-12 13:59:09.173475,3,27.929882782644484,46.414915421728764,3.2330795077064485,62.134391595644644,264.2949129977789,cooling_drop
2025-10-12 14:01:09.173475,3,28.402121926034265,46.74089833948261,3.6256231866276445,69.72828036965778,279.18044696583775,cooling_drop
2025-10-12 14:03:09.173475,3,28.219624285429905,44.38186752652348,3.1214470226424806,51.67608318190121,267.4563416635667,cooling_drop
2025-10-12 14:05:09.173475,3,27.182209344970158,44.57220702271136,3.3757487187449997,61.41706051088626,294.878425510061,cooling_drop
2025-10-12 14:07:09.173475,3,28.009791651007262,47.27476219525783,3.1198408117806555,53.150010961516074,238.86442454313269,cooling_drop
2025-10-12 14:09:09.173475,3,28.490242302665646,44.887970656332655,3.075902546003338,54.54843457447058,282.43295191902644,cooling_drop
2025-10-12 14:11:09.173475,3,27.70530271831697,48.21071192472361,3.367180903271367,51.76012055022905,260.01834658171714,cooling_drop
2025-10-12 14:13:09.173475,3,28.259161497865602,44.22296795528709,2.4220635181621355,57.80132131495257,245.13843887841585,cooling_drop
2025-10-12 14:15:09.173475,3,27.875831517317543,45.921594487231935,2.543299704515477,55.490891694808894,265.327769531448,cooling_drop
2025-10-12 14:17:09.173475,3,28.230869543134304,47.23676256422116,2.5894439571824353,67.02968898627988,211.8188729929773,cooling_drop
2025-10-12 14:19:09.173475,3,28.097397470650755,45.28598126961843,2.48219681439997,59.01073078134152,271.00098083106855,cooling_drop
2025-10-12 14:21:09.173475,3,27.92265118700919,46.96808290580896,3.518786902717193,64.72559797566844,250.59988477386352,cooling_drop
2025-10-12 14:23:09.173475,3,28.035137264844955,45.472447292528464,2.7182533290687956,55.499583839472805,235.7739354610104,cooling_drop
2025-10-12 14:25:09.173475,3,27.763534268585104,41.142637130274316,3.183536114700799,64.40867404451556,247.35992294291455,cooling_drop
2025-10-12 14:27:09.173475,3,28.35398263901154,46.463796138468766,3.376355610714357,62.74890757435804,222.55841625460772,cooling_drop
2025-10-12 14:29:09.173475,3,28.008528479113515,43.13169158590092,3.4442658871959995,68.85219420317311,244.8003214949459,cooling_drop
2025-10-12 14:31:09.173475,3,28.37304073850379,43.44124934947977,2.804433425240586,56.807696753550985,256.85852754642684,cooling_drop
2025-10-12 14:33:09.173475,3,27.935378161608703,42.47082977080419,3.0169258359821414,69.55425625651,212.50543438877185,cooling_drop
2025-10-12 14:35:09.173475,3,28.259586926840576,44.04624707871233,3.503134761056061,62.600691550848765,251.06118625865238,cooling_drop
2025-10-12 14:37:09.173475,3,27.691895323531515,44.869798922489394,3.816884606317291,61.59072738299962,224.38118400001304,cooling_drop
2025-10-12 14:39:09.173475,3,27.577873841564795,44.55996394468065,2.9617779382830123,52.07549417269482,232.45031955688737,cooling_drop
2025-10-12 14:41:09.173475,3,28.26374149721186,44.91214973408976,3.3262360652082497,56.11152918655652,224.83960177467327,cooling_drop
2025-10-12 14:43:09.173475,3,28.106131189267415,43.04139953943473,3.0490081064747403,69.93981005625102,202.65044693253444,cooling_drop
2025-10-12 14:45:09.173475,3,27.72483919596051,43.19228891609533,3.4188064096144446,66.66548610057515,212.60194634167175,cooling_drop
2025-10-12 14:47:09.173475,3,27.890454216040535,43.319014028986615,3.2061715351185867,52.90572019491573,285.0638960413117,cooling_drop
2025-10-12 14:49:09.173475,3,27.504276282910958,44.8321962734634,2.884894723477116,61.42640030866205,244.03738841468314,cooling_drop
2025-10-12 14:51:09.173475,3,28.187471078396214,45.38689714998359,3.39295955083006,50.81570026871036,250.46161317900842,cooling_drop
2025-10-12 14:53:09.173475,3,27.468037777663287,43.569502962364815,2.7917469792343943,54.02345934227802,264.4833448175433,cooling_drop
2025-10-12 14:55:09.173475,3,28.405920748049923,38.55796728802857,3.1186796504288825,55.06796215118745,239.44011956468773,cooling_drop
2025-10-12 14:57:09.173475,3,28.0016111136508,44.06120367512905,3.4594927398447113,60.34300724567754,239.97061153283053,cooling_drop
2025-10-12 14:59:09.173475,3,27.778678988594546,46.373135493506354,3.2223221342046857,64.45223449668899,277.3277882370888,cooling_drop
2025-10-12 15:01:09.173475,3,27.669554872906915,40.93063665461065,2.8912191498960915,65.09880400316658,237.92040226785554,cooling_drop
2025-10-12 15:03:09.173475,3,27.879080239588983,45.54447345065478,2.9828188767533694,54.51762825867152,232.91013074523892,cooling_drop
2025-10-12 15:05:09.173475,3,28.59664601613514,44.95582737001685,2.765548661017817,64.04328657296625,226.229290920778,cooling_drop
2025-10-12 15:07:09.173475,3,28.011566550635294,44.032682725124864,2.925982672765668,68.73131223316012,271.70444527323264,cooling_drop
2025-10-12 15:09:09.173475,3,27.43257283244503,43.72317516266092,3.318325988447659,64.32329076355222,273.7292207466065,cooling_drop
2025-10-12 15:11:09.173475,3,27.7827092397377,45.628889181749706,2.892312484446176,54.45298470453571,241.70738982371938,cooling_drop
2025-10-12 15:13:09.173475,3,28.029657833503308,50.01499047571767,3.5219092221360198,59.22067136195624,254.03160228399184,cooling_drop
2025-10-12 15:15:09.173475,3,27.392488025897148,45.316187797153574,3.0100330403919453,68.75529118636449,244.3369623024025,cooling_drop
2025-10-12 15:17:09.173475,3,27.87210195553952,44.53200485890687,3.259071407740744,69.23524956690937,291.7549197175029,cooling_drop
2025-10-12 15:19:09.173475,3,27.55624119449267,45.279303348431796,3.019507389356634,54.89232548104532,285.509816984801,cooling_drop
2025-10-12 15:21:09.173475,3,28.502058052515277,46.753374951750196,2.7799370510707955,61.04444560347693,252.83064264299398,cooling_drop
2025-10-12 15:23:09.173475,3,28.346408130015018,49.73482872805424,2.8866705337432568,58.09821628539688,224.59275907349829,cooling_drop
2025-10-12 15:25:09.173475,3,28.025585220619973,41.45951164804903,2.673907423904818,58.1432859693425,284.793305039409,cooling_drop
2025-10-12 15:27:09.173475,3,27.31761369063814,44.59174046225457,3.935304338762414,52.695715698348764,272.13420848574634,cooling_drop
2025-10-12 15:29:09.173475,3,27.995428586049975,48.27860776673819,3.3236157152409045,58.03587340666728,224.30407680136395,cooling_drop
2025-10-12 15:31:09.173475,3,28.21803821392054,43.743701200488715,3.38591464109866,69.20023761638251,254.90228568745235,cooling_drop
2025-10-12 15:33:09.173475,3,28.0864754733608,43.917136709851476,2.76752503988182,55.71253199367154,256.3674587902933,cooling_drop
2025-10-12 15:35:09.173475,3,27.866917950937783,43.292353824991245,2.8070449973918907,54.637192277656965,263.76410612905767,cooling_drop
2025-10-12 15:37:09.173475,3,28.41328223415229,44.9781686378531,2.9771007599877692,58.15769853700718,255.83760052232634,cooling_drop
2025-10-12 15:39:09.173475,3,27.77889119165419,47.11344982256084,3.2900421312751633,64.56941891117184,256.72555778495126,cooling_drop
2025-10-12 15:41:09.173475,3,28.120362149044897,45.48950065336955,2.874934415984246,69.19833379284182,258.7346511112967,cooling_drop
2025-10-12 15:43:09.173475,3,28.54593153619378,44.83382134451363,3.1946645777711518,61.985871326209576,264.38337332710876,cooling_drop
2025-10-12 15:45:09.173475,3,27.987626888008283,45.004292564253085,2.7562272653067574,63.739048827708764,265.089513995414,cooling_drop
2025-10-12 15:47:09.173475,3,28.407789279809442,44.70572099037179,2.8030127787600887,50.46918043442309,257.7317245981038,cooling_drop
2025-10-12 15:49:09.173475,3,27.39832714812408,46.745865735150915,3.72785784440492,55.327552828600474,258.6693130011128,cooling_drop
2025-10-12 15:51:09.173475,3,27.93225797527719,47.872859039117735,2.7888251023753368,59.51884435095448,268.099240829884,cooling_drop
2025-10-12 15:53:09.173475,3,27.90094909961772,44.8379523265224,2.993289341436498,52.01060717383672,283.7319227204438,cooling_drop
2025-10-12 15:55:09.173475,3,27.988256791909496,47.499420840368636,2.683050878812422,63.97271178863912,289.33833925016506,cooling_drop
2025-10-12 15:57:09.173475,3,28.56760353099691,44.955062046650866,3.2588628521699223,59.00530386993276,248.61243266119342,cooling_drop
2025-10-12 15:59:09.173475,3,27.706523518581857,45.24448600909413,2.8743109663436295,54.970714878541855,237.48167964630795,cooling_drop
2025-10-12 16:01:09.173475,3,27.776842183263124,42.70531696735734,2.7693175125318232,53.38115498267412,270.5722062260676,cooling_drop
2025-10-12 16:03:09.173475,3,28.101698054142826,45.91249897705706,2.0866030382270515,63.74779825371429,240.86604769953507,cooling_drop
2025-10-12 16:05:09.173475,3,28.14795095027165,44.91623989006986,2.9719013025332166,55.6026823755076,272.9943065845326,cooling_drop
